SNP,Chromosome,Position ,P.value,maf,nobs,Rsquare.of.Model.without.SNP,Rsquare.of.Model.with.SNP,FDR_Adjusted_P-values,effect,Phenotype,SNP_INFO
SNC_001134.8_161990,NC_001134.8,161990,[5.135619715179e-05],[0.0363636363636364],[165],[0.114922365948975],[0.208318332270827],[0.991732889463002],[-16.579881685614],['HT_glucose'],ANN=T|missense_variant|MODERATE|SHE1|YBL031W|transcript|YBL031W|protein_coding|1/1|c.292C>T|p.His98Tyr|292/1017|292/1017|98/338||
SNC_001134.8_478987,NC_001134.8,478987,[1.51116892471968e-05],[0.257575757575758],[165],[0.147438219545224],[0.250915556071327],[0.994990530251016],[11.2006373343113],['HT_OD600'],ANN=C|synonymous_variant|LOW|TEF2|YBR118W|transcript|YBR118W|protein_coding|1/1|c.1317T>C|p.Val439Val|1317/1377|1317/1377|439/458||
SNC_001136.10_122163,NC_001136.10,122163,[1.5811570340159e-05],[0.0545454545454546],[165],[0.215868445048366],[0.31057583930853],[0.947908379634364],[1.64515379017931],['SynH_OD600'],ANN=T|intergenic_region|MODIFIER|UFD2-RBS1|YDL190C-YDL189W|intergenic_region|YDL190C-YDL189W|||||||||
SNC_001136.10_1327584,NC_001136.10,1327584,"[6.67472441221372e-05, 1.9747990877163e-05]","[0.0303030303030303, 0.0303030303030303]","[165, 165]","[0.114922365948975, 0.196221300155865]","[0.205349990404346, 0.290969149798921]","[0.991732889463002, 0.994110410436123]","[13.9082932514675, 14.7839103323643]","['HT_glucose', 'SynH_glucose']",ANN=A|missense_variant|MODERATE|CYM1|YDR430C|transcript|YDR430C|protein_coding|1/1|c.887C>T|p.Pro296Leu|887/2970|887/2970|296/989||
SNC_001138.5_181971,NC_001138.5,181971,[5.72844471480471e-05],[0.487878787878788],[165],[0.147438219545224],[0.236209809434618],[0.994990530251016],[11.1453233076445],['HT_OD600'],ANN=C|intergenic_region|MODIFIER|tG_GCC_F2-IGD1|tG_GCC_F2-YFR017C|intergenic_region|tG_GCC_F2-YFR017C|||||||||
SNC_001138.5_182910,NC_001138.5,182910,[8.32950832359579e-05],[0.472727272727273],[165],[0.147438219545224],[0.232138036327942],[0.994990530251016],[-10.1508927035113],['HT_OD600'],ANN=G|intergenic_region|MODIFIER|IGD1-YFR018C|YFR017C-YFR018C|intergenic_region|YFR017C-YFR018C|||||||||
SNC_001138.5_183476,NC_001138.5,183476,[6.17553188732698e-05],[0.487878787878788],[165],[0.147438219545224],[0.235390283414312],[0.994990530251016],[-10.5675294228369],['HT_OD600'],ANN=G|synonymous_variant|LOW|YFR018C|YFR018C|transcript|YFR018C|protein_coding|1/1|c.747T>C|p.His249His|747/1092|747/1092|249/363||
SNC_001138.5_244932,NC_001138.5,244932,"[9.68016636294743e-05, 1.58421103520766e-05]","[0.0242424242424242, 0.0242424242424242]","[165, 165]","[0.114922365948975, 0.196221300155865]","[0.20116357295232, 0.29328139387112]","[0.991732889463002, 0.994110410436123]","[-14.9770060866029, -16.7746686823073]","['HT_glucose', 'SynH_glucose']",ANN=C|missense_variant|MODERATE|BNA6|YFR047C|transcript|YFR047C|protein_coding|1/1|c.235T>G|p.Phe79Val|235/888|235/888|79/295||
SNC_001139.9_20180,NC_001139.9,20180,"[1.07075284065084e-05, 1.82619820437077e-05]","[0.0212121212121212, 0.0212121212121212]","[165, 165]","[0.114922365948975, 0.196221300155865]","[0.226347760822666, 0.29178900132422]","[0.991732889463002, 0.994110410436123]","[19.3625666328462, 18.6003943056312]","['HT_glucose', 'SynH_glucose']",ANN=C|intergenic_region|MODIFIER|ADH4-ZRT1|YGL256W-YGL255W|intergenic_region|YGL256W-YGL255W|||||||||
SNC_001140.6_414262,NC_001140.6,414262,[7.7542976594809e-05],[0.0636363636363636],[165],[0.147438219545224],[0.232914268394853],[0.994990530251016],[14.0535685605229],['HT_OD600'],ANN=T|missense_variant|MODERATE|KEL1|YHR158C|transcript|YHR158C|protein_coding|1/1|c.2918G>A|p.Gly973Asp|2918/3495|2918/3495|973/1164||
SNC_001141.2_24535,NC_001141.2,24535,[5.74443564151763e-05],[0.203030303030303],[165],[0.114922365948975],[0.207048037275231],[0.991732889463002],[-9.00859710383877],['HT_glucose'],ANN=G|synonymous_variant|LOW|YIL169C|YIL169C|transcript|YIL169C|protein_coding|1/1|c.1572T>C|p.Ile524Ile|1572/2988|1572/2988|524/995||
SNC_001141.2_333735,NC_001141.2,333735,"[1.95139843494724e-05, 3.72692255377464e-05]","[0.0818181818181818, 0.0818181818181818]","[165, 165]","[0.215868445048366, 0.196221300155865]","[0.308422134004641, 0.28435209484646]","[0.947908379634364, 0.994110410436123]","[-1.28197059188322, -12.1745185647754]","['SynH_OD600', 'SynH_glucose']",ANN=T|synonymous_variant|LOW|TIR3|YIL011W|transcript|YIL011W|protein_coding|1/1|c.9C>T|p.Phe3Phe|9/810|9/810|3/269||
SNC_001141.2_437345,NC_001141.2,437345,[3.15656079182459e-05],[0.209090909090909],[165],[0.196221300155865],[0.286075891049343],[0.994110410436123],[9.41407304531947],['SynH_glucose'],ANN=T|non_coding_exon_variant|MODIFIER|YIR043C|YIR043C|transcript|YIR043C|pseudogene|1/1|n.391G>A||||||
SNC_001142.9_195415,NC_001142.9,195415,[6.99852335257187e-05],[0.493939393939394],[165],[0.196221300155865],[0.277856832202098],[0.994110410436123],[-33.86711300763],['SynH_glucose'],"ANN=A|intergenic_region|MODIFIER|NCA3-ASF1|YJL116C-YJL115W|intergenic_region|YJL116C-YJL115W|||||||||,C|intergenic_region|MODIFIER|NCA3-ASF1|YJL116C-YJL115W|intergenic_region|YJL116C-YJL115W|||||||||"
SNC_001143.9_597803,NC_001143.9,597803,[8.26031100411138e-05],[0.0424242424242425],[165],[0.147438219545224],[0.232228479391589],[0.994990530251016],[22.2835551935054],['HT_OD600'],ANN=C|missense_variant|MODERATE|HBS1|YKR084C|transcript|YKR084C|protein_coding|1/1|c.1088A>G|p.Glu363Gly|1088/1836|1088/1836|363/611||
SNC_001143.9_649062,NC_001143.9,649062,[6.58914548838058e-06],[0.121212121212121],[165],[0.114922365948975],[0.232024182581277],[0.934891023900646],[-13.6272096312462],['HT_glucose'],ANN=G|missense_variant|MODERATE|FLO10|YKR102W|transcript|YKR102W|protein_coding|1/1|c.2707A>G|p.Lys903Glu|2707/3510|2707/3510|903/1169||
SNC_001144.5_1033361,NC_001144.5,1033361,[4.99532558100114e-06],[0.184848484848485],[165],[0.114922365948975],[0.235281064909363],[0.934891023900646],[12.0287563024874],['HT_glucose'],ANN=C|synonymous_variant|LOW|HMG2|YLR450W|transcript|YLR450W|protein_coding|1/1|c.735G>C|p.Pro245Pro|735/3138|735/3138|245/1045||
SNC_001144.5_1034877,NC_001144.5,1034877,[2.87331977372512e-05],[0.187878787878788],[165],[0.114922365948975],[0.214942104721061],[0.991732889463002],[-10.7560926307009],['HT_glucose'],ANN=G|missense_variant|MODERATE|HMG2|YLR450W|transcript|YLR450W|protein_coding|1/1|c.2251A>G|p.Ile751Val|2251/3138|2251/3138|751/1045||
SNC_001144.5_1037554,NC_001144.5,1037554,"[9.12246357471207e-05, 6.20306220509259e-05]","[0.118181818181818, 0.118181818181818]","[165, 165]","[0.114922365948975, 0.147438219545224]","[0.201829960688802, 0.235341810540789]","[0.991732889463002, 0.994990530251016]","[-10.5864311747733, -12.545198010616]","['HT_glucose', 'HT_OD600']",ANN=G|missense_variant|MODERATE|LEU3|YLR451W|transcript|YLR451W|protein_coding|1/1|c.1462A>G|p.Ser488Gly|1462/2661|1462/2661|488/886||
SNC_001144.5_388801,NC_001144.5,388801,[3.26082440428524e-05],[0.115151515151515],[165],[0.215868445048366],[0.303197296392467],[0.947908379634364],[1.20156435781345],['SynH_OD600'],ANN=G|synonymous_variant|LOW|YPS3|YLR121C|transcript|YLR121C|protein_coding|1/1|c.1470T>C|p.Ser490Ser|1470/1527|1470/1527|490/508||
SNC_001144.5_388930,NC_001144.5,388930,[5.33362698584126e-05],[0.112121212121212],[165],[0.215868445048366],[0.298232011785062],[0.947908379634364],[-1.17836148851125],['SynH_OD600'],ANN=A|synonymous_variant|LOW|YPS3|YLR121C|transcript|YLR121C|protein_coding|1/1|c.1341C>T|p.Thr447Thr|1341/1527|1341/1527|447/508||
SNC_001144.5_872357,NC_001144.5,872357,[6.11353343882233e-05],[0.096969696969697],[165],[0.215868445048366],[0.296862247514197],[0.947908379634364],[-1.1453486720029],['SynH_OD600'],ANN=G|missense_variant|MODERATE|STP3|YLR375W|transcript|YLR375W|protein_coding|1/1|c.661A>G|p.Thr221Ala|661/1032|661/1032|221/343||
SNC_001144.5_97255,NC_001144.5,97255,[1.88936842820538e-05],[0.0787878787878788],[165],[0.114922365948975],[0.219763777031163],[0.991732889463002],[-13.1799731987609],['HT_glucose'],ANN=G|synonymous_variant|LOW|SSA2|YLL024C|transcript|YLL024C|protein_coding|1/1|c.231T>C|p.Asn77Asn|231/1920|231/1920|77/639||
SNC_001145.3_44254,NC_001145.3,44254,[9.29342976915369e-05],[0.0454545454545454],[165],[0.114922365948975],[0.201621365814447],[0.991732889463002],[14.0868580261713],['HT_glucose'],ANN=A|synonymous_variant|LOW|DAT1|YML113W|transcript|YML113W|protein_coding|1/1|c.210G>A|p.Leu70Leu|210/747|210/747|70/248||
SNC_001145.3_685585,NC_001145.3,685585,"[8.29736941409067e-05, 3.80462071403388e-05]","[0.148484848484848, 0.148484848484848]","[165, 165]","[0.215868445048366, 0.196221300155865]","[0.293808442316371, 0.284138295220064]","[0.947908379634364, 0.994110410436123]","[1.13372993151884, 11.726952247543]","['SynH_OD600', 'SynH_glucose']",ANN=T|synonymous_variant|LOW|ERG12|YMR208W|transcript|YMR208W|protein_coding|1/1|c.1119C>T|p.Ser373Ser|1119/1332|1119/1332|373/443||
SNC_001146.8_177500,NC_001146.8,177500,[7.4713669552381e-05],[0.0696969696969697],[165],[0.215868445048366],[0.294855018631298],[0.947908379634364],[-1.26547891234445],['SynH_OD600'],ANN=G|synonymous_variant|LOW|RAD50|YNL250W|transcript|YNL250W|protein_coding|1/1|c.2091A>G|p.Glu697Glu|2091/3939|2091/3939|697/1312||
SNC_001146.8_358532,NC_001146.8,358532,[5.57258473285416e-05],[0.0666666666666667],[165],[0.114922365948975],[0.207392183372232],[0.991732889463002],[10.909399079225],['HT_glucose'],ANN=A|synonymous_variant|LOW|MEP2|YNL142W|transcript|YNL142W|protein_coding|1/1|c.1080T>A|p.Gly360Gly|1080/1500|1080/1500|360/499||
SNC_001146.8_39787,NC_001146.8,39787,[9.23828756834256e-05],[0.0424242424242425],[165],[0.114922365948975],[0.201688214744937],[0.991732889463002],[12.4834898863558],['HT_glucose'],ANN=G|synonymous_variant|LOW|HXT14|YNL318C|transcript|YNL318C|protein_coding|1/1|c.543A>C|p.Gly181Gly|543/1623|543/1623|181/540||
SNC_001147.6_840176,NC_001147.6,840176,[6.21888859226654e-05],[0.248484848484848],[165],[0.147438219545224],[0.235314043861667],[0.994990530251016],[-11.0712142192735],['HT_OD600'],ANN=C|synonymous_variant|LOW|RIM20|YOR275C|transcript|YOR275C|protein_coding|1/1|c.894A>G|p.Leu298Leu|894/1986|894/1986|298/661||
SNC_001147.6_983849,NC_001147.6,983849,[2.84552696561725e-05],[0.124242424242424],[165],[0.114922365948975],[0.215053518566237],[0.991732889463002],[-11.5876836269933],['HT_glucose'],ANN=T|synonymous_variant|LOW|REV1|YOR346W|transcript|YOR346W|protein_coding|1/1|c.2022C>T|p.Asp674Asp|2022/2958|2022/2958|674/985||
SNC_001147.6_984317,NC_001147.6,984317,[5.1676707460118e-05],[0.115151515151515],[165],[0.114922365948975],[0.208247723435179],[0.991732889463002],[11.4989098368808],['HT_glucose'],ANN=A|synonymous_variant|LOW|REV1|YOR346W|transcript|YOR346W|protein_coding|1/1|c.2490G>A|p.Arg830Arg|2490/2958|2490/2958|830/985||
SNC_001147.6_993416,NC_001147.6,993416,[3.76526155409481e-05],[0.0212121212121212],[165],[0.147438219545224],[0.240805370443832],[0.994990530251016],[-27.6833008676126],['HT_OD600'],ANN=G|synonymous_variant|LOW|MNE1|YOR350C|transcript|YOR350C|protein_coding|1/1|c.1440T>C|p.Asn480Asn|1440/1992|1440/1992|480/663||
SNC_001147.6_993550,NC_001147.6,993550,[3.76526155409481e-05],[0.0212121212121212],[165],[0.147438219545224],[0.240805370443832],[0.994990530251016],[-27.6833008676126],['HT_OD600'],ANN=G|synonymous_variant|LOW|MNE1|YOR350C|transcript|YOR350C|protein_coding|1/1|c.1306T>C|p.Leu436Leu|1306/1992|1306/1992|436/663||
SNC_001147.6_993749,NC_001147.6,993749,[3.76526155409481e-05],[0.0212121212121212],[165],[0.147438219545224],[0.240805370443832],[0.994990530251016],[-27.6833008676126],['HT_OD600'],ANN=T|synonymous_variant|LOW|MNE1|YOR350C|transcript|YOR350C|protein_coding|1/1|c.1107G>A|p.Ser369Ser|1107/1992|1107/1992|369/663||
SNC_001147.6_993770,NC_001147.6,993770,[3.76526155409481e-05],[0.0212121212121212],[165],[0.147438219545224],[0.240805370443832],[0.994990530251016],[-27.6833008676126],['HT_OD600'],ANN=G|synonymous_variant|LOW|MNE1|YOR350C|transcript|YOR350C|protein_coding|1/1|c.1086T>C|p.Asp362Asp|1086/1992|1086/1992|362/663||
SNC_001148.4_230703,NC_001148.4,230703,"[7.9536426816272e-06, 1.5277101528796e-05]","[0.0848484848484849, 0.0848484848484849]","[165, 165]","[0.215868445048366, 0.196221300155865]","[0.317660433193944, 0.293663221675821]","[0.947908379634364, 0.994110410436123]","[-1.48678403192188, -14.1574531929275]","['SynH_OD600', 'SynH_glucose']",ANN=T|missense_variant|MODERATE|MEX67|YPL169C|transcript|YPL169C|protein_coding|1/1|c.136G>A|p.Ala46Thr|136/1800|136/1800|46/599||
SNC_001148.4_897004,NC_001148.4,897004,[3.68425048262001e-05],[0.0575757575757576],[165],[0.147438219545224],[0.241044464119472],[0.994990530251016],[17.6832175159038],['HT_OD600'],ANN=A|splice_region_variant&stop_retained_variant|LOW|AOS1|YPR180W|transcript|YPR180W|protein_coding|1/1|c.1044G>A|p.Ter348Ter|1044/1044|1044/1044|348/347||
